uri,name,album_name,release_date,popularity,duration_ms,danceability,energy,loudness,speechiness,acousticness,instrumentalness,liveness,valence,tempo
spotify:track:24ainScgxd2UDayPsLzzm2,This Version of You (Live),The Last Goodbye Tour Live,2024-05-31,51,186400,0.17,0.428,-13.688,0.0559,0.0219,0.776,0.852,0.0542,109.954
spotify:track:4gKFQ6sGKfZr44NXw6wjym,Behind the Sun (Live),The Last Goodbye Tour Live,2024-05-31,55,189985,0.553,0.897,-7.085,0.0655,0.000315,0.857,0.927,0.1,140.029
spotify:track:2W0IElS3uccgQUXKAwVyAt,All We Need (Live) (ODESZA VIP Remix),The Last Goodbye Tour Live,2024-05-31,51,201954,0.594,0.759,-9.356,0.0333,0.0011,0.0364,0.821,0.264,99.983
spotify:track:4JK3JhyIl1icooy0uq37DA,Love Letter (Live) (ODESZA VIP Remix),The Last Goodbye Tour Live,2024-05-31,50,267545,0.58,0.759,-8.954,0.054,0.053,0.416,0.929,0.2,110.013
spotify:track:1ZVmGzftncwotIcJzkiTQK,Say My Name x Late Night (Live),The Last Goodbye Tour Live,2024-05-31,54,176459,0.398,0.832,-9.209,0.0989,0.00041,0.0877,0.715,0.37,115.782
spotify:track:2mOOT12V4TMB9O6p75Hehs,In the Rain (Live),The Last Goodbye Tour Live,2024-05-31,48,151384,0.575,0.814,-9.555,0.0467,0.000321,0.647,0.783,0.233,130.007
spotify:track:3mqmlOkyeU3hP1rERf6tjv,One Day They'll Know (Live) (ODESZA VIP Remix),The Last Goodbye Tour Live,2024-05-31,52,96053,0.271,0.879,-9.347,0.0749,7.34e-05,0.656,0.923,0.0769,143.382
spotify:track:2A0cPJCmtGITjsKAIhzEfo,Wide Awake (Live),The Last Goodbye Tour Live,2024-05-31,49,261978,0.582,0.644,-11.081,0.0367,0.0511,0.307,0.885,0.0581,125.003
spotify:track:1a73OJypd6sgDkAwA75NDX,Bloom (Live) (ODESZA VIP Remix),The Last Goodbye Tour Live,2024-05-31,49,214092,0.303,0.964,-8.727,0.0716,0.000651,0.822,0.424,0.0393,131.072
spotify:track:4tL49ueZxBPJD5Z9pmNCAL,Equal x Boy (Live),The Last Goodbye Tour Live,2024-05-31,50,268167,0.565,0.777,-9.853,0.0451,0.00205,0.394,0.916,0.124,139.987
spotify:track:1ZJiqlxrcILMONjWo9wwaW,All My Life (Live),The Last Goodbye Tour Live,2024-05-31,47,116759,0.0822,0.499,-14.124,0.0466,0.276,0.975,0.787,0.145,170.506
spotify:track:59aWxauGOAbQycO8GNK7LE,Better Now (Live),The Last Goodbye Tour Live,2024-05-31,48,161641,0.52,0.814,-11.027,0.0899,0.0492,1.2e-05,0.771,0.271,88.989
spotify:track:7q7B0VRgFKegcxO2Edzbi6,Line Of Sight (Live),The Last Goodbye Tour Live,2024-05-31,48,181843,0.406,0.753,-8.974,0.0439,0.00142,0.116,0.944,0.156,179.96
spotify:track:0PD6WTOfk9kBi6THqAaBKV,Forgive Me (Live) (ODESZA VIP Remix),The Last Goodbye Tour Live,2024-05-31,47,243413,0.629,0.777,-7.302,0.0279,0.00377,0.0333,0.85,0.306,104.998
spotify:track:5r06HL1g9lqxc5CAxBK7an,La Ciudad (Live) (ODESZA VIP Remix),The Last Goodbye Tour Live,2024-05-31,48,105046,0.647,0.938,-7.165,0.0747,0.000458,0.827,0.689,0.0594,108.017
spotify:track:7rwME0L7zpCwQgHcIwzbvt,Selfish Soul (Live) (ODESZA VIP Remix),The Last Goodbye Tour Live,2024-05-31,47,211440,0.624,0.856,-7.816,0.0408,0.00385,0.00203,0.457,0.142,106.976
spotify:track:4UU6fudp68mcPuUFJf1sNA,TENSE (Live),The Last Goodbye Tour Live,2024-05-31,46,194464,0.489,0.898,-9.77,0.173,0.00221,0.881,0.394,0.0365,105.997
spotify:track:41z8eydTUKN0IL0QZtRcIs,KEEP MOVING (Live),The Last Goodbye Tour Live,2024-05-31,46,142423,0.672,0.852,-8.671,0.046,0.000877,0.73,0.551,0.241,115.007
spotify:track:2hT93dtTBxGOVYQEa3u2pE,Sun Models (Live) (ODESZA VIP Remix),The Last Goodbye Tour Live,2024-05-31,46,211750,0.592,0.839,-8.236,0.038,0.000165,0.896,0.249,0.135,119.984
spotify:track:69YWB2KVAMtIcjx01y2nAk,Hopeful (Live),The Last Goodbye Tour Live,2024-05-31,45,135054,0.346,0.622,-11.665,0.0413,0.000934,0.902,0.585,0.0352,120.031
spotify:track:1CxylMSGYankQropBSWDP3,Across The Room x Falls (Live) (ODESZA VIP Remix),The Last Goodbye Tour Live,2024-05-31,47,275331,0.383,0.628,-7.958,0.0391,0.00332,0.000807,0.884,0.117,164.083
spotify:track:6aocvw4IvUE1zmlAavNkcR,Loyal (Live),The Last Goodbye Tour Live,2024-05-31,45,216988,0.435,0.858,-8.082,0.0494,0.000262,0.928,0.776,0.286,139.97
spotify:track:5XWGvqsLKBAj0y47KpHmlF,Don't Stop (Live) (ODESZA VIP Remix),The Last Goodbye Tour Live,2024-05-31,45,163770,0.378,0.815,-7.507,0.0459,0.000316,0.938,0.949,0.291,159.767
spotify:track:2MA8Ep98eY5wRF28zCE5ec,Just A Memory (Interlude) (Live),The Last Goodbye Tour Live,2024-05-31,43,45000,0.143,0.639,-16.029,0.164,0.672,0.983,0.935,0.209,62.86
spotify:track:6v5Gc28XYQu2cDCmahhlBY,Higher Ground (Live),The Last Goodbye Tour Live,2024-05-31,45,229816,0.439,0.359,-13.211,0.0297,0.571,3.05e-05,0.954,0.209,100.123
spotify:track:6nwtUZBvCUzWp8HhhGrDu8,A Moment Apart (Live) (ODESZA VIP Remix),The Last Goodbye Tour Live,2024-05-31,45,383750,0.505,0.917,-8.651,0.0471,0.000862,0.897,0.976,0.0374,119.996
spotify:track:6y6vQOD1k3fBySGpjPmIkJ,The Last Goodbye (Live),The Last Goodbye Tour Live,2024-05-31,44,419555,0.502,0.865,-6.211,0.0534,0.00322,0.0467,0.71,0.0666,118.018
spotify:track:0Jvq663nvFqUZ94DxGlhMW,This Version Of You,The Last Goodbye (Deluxe Edition),2023-04-26,29,171785,0.206,0.292,-9.117,0.0345,0.615,0.254,0.371,0.0658,131.5
spotify:track:4TA7iuTu3osM5eaAjoScQr,Wide Awake,The Last Goodbye (Deluxe Edition),2023-04-26,30,215039,0.603,0.887,-5.435,0.0427,0.166,0.0502,0.13,0.0728,125.003
spotify:track:6j4hjvZ3hQKZA201ubLABw,Love Letter,The Last Goodbye (Deluxe Edition),2023-04-26,29,253121,0.636,0.834,-2.876,0.0596,0.0949,0.0118,0.285,0.215,110.003
spotify:track:1iHpTkN9GMXXVULqVBAdQK,Behind The Sun,The Last Goodbye (Deluxe Edition),2023-04-26,30,250634,0.597,0.926,-3.746,0.0554,0.00563,0.592,0.124,0.364,140.05
spotify:track:4qy32SZtEZnJ9mgxASLXdb,Forgive Me,The Last Goodbye (Deluxe Edition),2023-04-26,28,208017,0.662,0.828,-3.132,0.0371,0.0191,0.00096,0.263,0.4,104.973
spotify:track:2dn1XLih8PnCt0dR19zgj1,North Garden,The Last Goodbye (Deluxe Edition),2023-04-26,27,180397,0.476,0.906,-3.768,0.278,0.0781,0.129,0.142,0.353,188.136
spotify:track:4VoVTt2Ppwz0kUKWlfGuFl,Better Now,The Last Goodbye (Deluxe Edition),2023-04-26,27,194110,0.445,0.797,-5.827,0.105,0.328,1.67e-06,0.202,0.359,88.727
spotify:track:0GvZzfb95hVvO1fz6ub2q0,The Last Goodbye,The Last Goodbye (Deluxe Edition),2023-04-26,29,358983,0.652,0.919,-2.702,0.096,0.00763,0.00214,0.116,0.139,114.994
spotify:track:7CrAnTPITesJ2QbGtQU9NX,All My Life,The Last Goodbye (Deluxe Edition),2023-04-26,27,192266,0.232,0.677,-5.321,0.1,0.542,0.933,0.873,0.0393,90.062
spotify:track:2SIHYe5tHjsI8uPPZiCbAs,Equal,The Last Goodbye (Deluxe Edition),2023-04-26,27,233499,0.589,0.837,-5.173,0.0802,0.0381,0.0145,0.0994,0.188,139.954
spotify:track:60jurPi7YvslYvaftPnZXo,Healing Grid,The Last Goodbye (Deluxe Edition),2023-04-26,25,186850,0.569,0.781,-4.982,0.0494,0.351,0.344,0.167,0.264,110.016
spotify:track:4gKHlGnedsioXy3fEwAlEp,I Can’t Sleep,The Last Goodbye (Deluxe Edition),2023-04-26,25,187268,0.453,0.914,-4.185,0.0876,0.00202,0.0641,0.576,0.299,155.059
spotify:track:2UaE3OGcVOyKw0oxoEAfbW,Light Of Day,The Last Goodbye (Deluxe Edition),2023-04-26,25,400130,0.369,0.635,-5.909,0.0451,0.4,0.572,0.442,0.0367,107.872
spotify:track:0p0W1HfOmleh27pXEGbhsP,Hopeful,The Last Goodbye (Deluxe Edition),2023-04-26,36,248432,0.483,0.839,-6.846,0.0426,0.0803,0.591,0.117,0.0388,119.991
spotify:track:6LfaNOFIKmNVBuM0FhXcKh,To Be Yours,The Last Goodbye (Deluxe Edition),2023-04-26,35,211782,0.595,0.891,-3.928,0.0352,0.322,0.0788,0.328,0.508,95.017
spotify:track:0gGSxG7r332R7Vgvk24GHY,All We Need - ODESZA VIP Remix,The Last Goodbye (Deluxe Edition),2023-04-26,44,210013,0.572,0.854,-3.879,0.0603,0.0126,1.32e-06,0.119,0.222,99.958
spotify:track:3ITvV8dLB0RFqJxorjK8eO,Sun Models - ODESZA VIP Remix,The Last Goodbye (Deluxe Edition),2023-04-26,36,235939,0.657,0.804,-4.067,0.0314,0.000295,0.497,0.122,0.44,120.037
spotify:track:2h4IoIeRasKE7moH6zhHUO,This Version Of You,The Last Goodbye,2022-07-22,47,171785,0.108,0.295,-9.115,0.0371,0.618,0.237,0.371,0.0657,73.888
spotify:track:5OLfObog5za3O71jQgZFsB,Wide Awake,The Last Goodbye,2022-07-22,58,215039,0.602,0.886,-5.438,0.0424,0.167,0.0453,0.129,0.0731,125.008
spotify:track:5p8QLRVnBk20xuvwiDZtTr,Love Letter,The Last Goodbye,2022-07-22,52,253121,0.633,0.834,-2.877,0.0586,0.0936,0.0103,0.287,0.216,109.998
spotify:track:0dhKGbQFIUnfjozzISQvuj,Behind The Sun,The Last Goodbye,2022-07-22,46,250634,0.597,0.926,-3.746,0.0555,0.0056,0.596,0.125,0.364,140.044
spotify:track:3IUiA6msgyFl3f8kzbdgQP,Forgive Me,The Last Goodbye,2022-07-22,48,208017,0.661,0.828,-3.134,0.037,0.0194,0.000902,0.264,0.402,104.972
spotify:track:083lOftWDnrpSSL7u9p53d,North Garden,The Last Goodbye,2022-07-22,42,180397,0.475,0.904,-3.774,0.282,0.0762,0.115,0.142,0.334,188.103
spotify:track:5NA61z16lTDuTc5QTuEjno,Better Now,The Last Goodbye,2022-07-22,47,194110,0.438,0.798,-5.826,0.108,0.339,1.44e-06,0.202,0.353,88.663
spotify:track:2gQK13gXYZRq2MgvPJyHx8,The Last Goodbye,The Last Goodbye,2022-07-22,62,358983,0.657,0.92,-2.707,0.0816,0.00744,0.00201,0.126,0.146,115.011
spotify:track:6txjv1bYloEaQ65SainV1Y,All My Life,The Last Goodbye,2022-07-22,54,192266,0.305,0.678,-5.317,0.0688,0.556,0.926,0.875,0.0387,119.129
spotify:track:0MgAJsBMfmL7w24eM09Wzl,Equal,The Last Goodbye,2022-07-22,48,233499,0.605,0.832,-5.167,0.0775,0.0385,0.0128,0.0998,0.172,139.933
spotify:track:6yKO74HdTg7OzThe47lGdc,Healing Grid,The Last Goodbye,2022-07-22,38,186850,0.558,0.777,-4.981,0.049,0.344,0.424,0.168,0.246,110.015
spotify:track:3LS2MlVs2sHPvw8JnzgmFJ,I Can’t Sleep,The Last Goodbye,2022-07-22,40,187268,0.445,0.913,-4.184,0.0947,0.00211,0.0645,0.556,0.295,155.032
spotify:track:3yPd2RxNNcPwOV06zoexrv,Light Of Day,The Last Goodbye,2022-07-22,41,400130,0.309,0.634,-5.921,0.0494,0.39,0.581,0.446,0.0367,100.065
spotify:track:30kznKPktGhXaFRuK9ZAry,Intro,Summer's Gone (10 Year Anniversary Edition),2022-07-18,19,34040,0.667,0.814,-10.242,0.596,0.917,5.21e-05,0.604,0.913,114.664
spotify:track:3cORG4kWCUOson31d7dIlQ,How Did I Get Here,Summer's Gone (10 Year Anniversary Edition),2022-07-18,24,127646,0.699,0.562,-8.02,0.0304,0.673,0.626,0.39,0.36,96.076
spotify:track:48q8mw5At8qmqG7bJwWZn7,I Want You,Summer's Gone (10 Year Anniversary Edition),2022-07-18,21,161399,0.552,0.571,-7.591,0.269,0.609,0.956,0.135,0.144,178.565
spotify:track:183uDHqiNyQsSx003lrktz,Above the Middle,Summer's Gone (10 Year Anniversary Edition),2022-07-18,21,183451,0.487,0.722,-7.858,0.104,0.0246,0.689,0.378,0.281,110.047
spotify:track:6uBRq1Yvd6Y7NiyJmoO9Oe,We Were Young,Summer's Gone (10 Year Anniversary Edition),2022-07-18,20,192152,0.493,0.619,-7.96,0.178,0.435,0.355,0.107,0.321,109.7
spotify:track:0fPNnfyYeLcl4Vjl5rB3oP,Today,Summer's Gone (10 Year Anniversary Edition),2022-07-18,20,245457,0.57,0.693,-9.704,0.0371,0.0018,0.912,0.0743,0.0919,99.688
spotify:track:2I8xsF464kJy5go0ZQnLs8,Tuytus,Summer's Gone (10 Year Anniversary Edition),2022-07-18,19,195839,0.568,0.635,-5.608,0.129,0.0376,3.55e-05,0.336,0.266,110.022
spotify:track:47tkvIZY2EBwi3ccQYiusU,Rely,Summer's Gone (10 Year Anniversary Edition),2022-07-18,20,194534,0.631,0.778,-6.673,0.0672,0.116,0.356,0.109,0.195,119.992
spotify:track:36XzvB4zR6uPSq80uUiQod,Hey Now,Summer's Gone (10 Year Anniversary Edition),2022-07-18,19,145726,0.562,0.594,-7.589,0.0807,0.0191,0.0349,0.106,0.0847,93.984
spotify:track:79t4kxTPvILCkTQGcY5ZLy,If You Don't (feat. Cumulus),Summer's Gone (10 Year Anniversary Edition),2022-07-18,19,189136,0.624,0.554,-7.791,0.194,0.174,0.081,0.152,0.109,118.026
spotify:track:1DSRdkaFTxFv3bnJnkS9Rx,Don't Stop,Summer's Gone (10 Year Anniversary Edition),2022-07-18,22,170999,0.495,0.583,-6.566,0.0329,0.69,0.000154,0.245,0.0928,80.028
spotify:track:4bIJMsuLVdLlGRDNyZQ2JQ,IPlayYouListen,Summer's Gone (10 Year Anniversary Edition),2022-07-18,20,294520,0.364,0.543,-8.296,0.0482,0.214,0.234,0.0958,0.182,124.574
spotify:track:7GKEEZVKtnU6gY5qHYIOlN,Today (Baths Rework),Summer's Gone (10 Year Anniversary Edition),2022-07-18,18,221090,0.658,0.808,-5.471,0.0456,0.00612,0.579,0.115,0.391,100.01
spotify:track:0Tce7SOR5g7drILA5nLY1J,IPlayYouListen (Chrome Sparks Remix),Summer's Gone (10 Year Anniversary Edition),2022-07-18,19,246559,0.588,0.87,-7.926,0.0548,0.0403,0.92,0.126,0.354,127.971
spotify:track:5t3CeZQsO1vewxDYjOqbzO,FOUNDATION,BRONSON,2020-08-07,45,184346,0.365,0.756,-8.037,0.0612,0.597,0.856,0.111,0.0356,120.025
spotify:track:4F8wogXmIgCXEsi1FK0gH4,HEART ATTACK,BRONSON,2020-08-07,55,209600,0.735,0.65,-5.815,0.0737,0.161,0.21,0.109,0.122,122.048
spotify:track:4v2NVNvvFKmflDJ8BeHCxw,BLINE,BRONSON,2020-08-07,46,264986,0.658,0.864,-4.386,0.0367,0.0169,0.734,0.341,0.0539,120.005
spotify:track:6oHNAWV5sbGtTVCvXhXikt,KNOW ME,BRONSON,2020-08-07,50,180026,0.698,0.812,-5.5,0.0399,0.58,0.182,0.113,0.351,128.045
spotify:track:1ENEeUv665wqrEWzkwdFFj,VAULTS,BRONSON,2020-08-07,34,244453,0.652,0.96,-2.861,0.0438,0.036,0.868,0.203,0.156,124.015
spotify:track:311pGLnSqp2OqTNo6p8gnM,TENSE,BRONSON,2020-08-07,38,199826,0.565,0.855,-5.246,0.0871,0.00598,0.908,0.328,0.0399,106.014
spotify:track:4WIAD59mZw4c4j36fjTvFo,CALL OUT,BRONSON,2020-08-07,52,179453,0.512,0.894,-5.396,0.0804,0.125,0.727,0.165,0.18,105.024
spotify:track:2mXMKkhPpw4SWPY6vLOh0j,CONTACT,BRONSON,2020-08-07,32,207080,0.623,0.847,-5.541,0.0413,0.077,0.644,0.335,0.191,120.033
spotify:track:6gbZASQG315uwnSrG7Bnyk,KEEP MOVING,BRONSON,2020-08-07,39,246280,0.828,0.913,-4.195,0.0612,0.0329,0.639,0.106,0.134,115.007
spotify:track:6AvOOdY5axvk6H4EuUIWFa,DAWN,BRONSON,2020-08-07,30,443466,0.626,0.805,-5.02,0.0429,0.035,0.569,0.0983,0.0362,119.993
spotify:track:7JjiS846XYc3o8cMxFpCtw,DAWN - Edit,BRONSON,2020-08-07,28,271871,0.619,0.894,-4.055,0.0402,0.0116,0.776,0.117,0.0412,120.023
spotify:track:2TkO6n63MCMM0LQRlYP1g5,Intro,A Moment Apart (Deluxe Edition),2018-11-30,26,63972,0.599,0.0471,-27.987,0.191,0.469,0.285,0.145,0.627,84.927
spotify:track:5XOyL7enRCDxMsXtPSeaXD,A Moment Apart,A Moment Apart (Deluxe Edition),2018-11-30,37,234244,0.513,0.665,-7.9,0.0329,0.176,0.715,0.491,0.0769,120.027
spotify:track:76H2W0RuHsNRncUu8mf99A,Higher Ground,A Moment Apart (Deluxe Edition),2018-11-30,33,215130,0.629,0.853,-5.088,0.0525,0.0894,0.0207,0.279,0.398,104.992
spotify:track:1i057qqlr4hjEt6lQvvoLl,Boy,A Moment Apart (Deluxe Edition),2018-11-30,32,183680,0.512,0.684,-6.262,0.093,0.00325,0.531,0.0647,0.149,140.02
spotify:track:398MdLV0PJZad1tV17bPDN,Line Of Sight,A Moment Apart (Deluxe Edition),2018-11-30,34,236470,0.403,0.728,-6.36,0.17,0.0399,0.00156,0.184,0.169,180.205
spotify:track:3C2eOPGayncp5BIOVtdpD7,Late Night,A Moment Apart (Deluxe Edition),2018-11-30,32,228590,0.616,0.638,-6.414,0.0766,0.0381,0.0115,0.183,0.406,125.192
spotify:track:68EDdlH5WsdvPYvkqwCkrB,Across The Room,A Moment Apart (Deluxe Edition),2018-11-30,31,283537,0.567,0.589,-5.973,0.033,0.0156,2.17e-05,0.111,0.237,82.054
spotify:track:56JtC5mqe1df8w9CqUn680,Meridian,A Moment Apart (Deluxe Edition),2018-11-30,30,235860,0.517,0.66,-6.174,0.0321,3.38e-05,0.255,0.571,0.0739,90.026
spotify:track:6YknKaV8KIL3D8SY9FDEw9,Everything At Your Feet,A Moment Apart (Deluxe Edition),2018-11-30,29,208017,0.579,0.687,-6.86,0.0584,0.0389,0.01,0.157,0.541,86.972
spotify:track:0mfSivZmglC3Hfn0NzssOY,Just A Memory,A Moment Apart (Deluxe Edition),2018-11-30,31,236794,0.454,0.305,-7.067,0.0302,0.607,0.00129,0.0587,0.0564,120.042
spotify:track:1KbfyEZmBDhaeHnO2w2ZxR,Divide,A Moment Apart (Deluxe Edition),2018-11-30,29,241849,0.419,0.575,-5.689,0.0358,0.0136,3.07e-06,0.433,0.221,84.596
spotify:track:0ZZtTL0zgZyhlkxSQsI3rl,Thin Floors And Tall Ceilings,A Moment Apart (Deluxe Edition),2018-11-30,28,178307,0.3,0.466,-9.009,0.0325,0.0354,0.957,0.122,0.0436,75.343
spotify:track:56PT13pS9iuCdxHC6vjYSy,La Ciudad,A Moment Apart (Deluxe Edition),2018-11-30,31,271136,0.666,0.838,-5.623,0.0465,0.00599,0.396,0.189,0.216,108.023
spotify:track:3jYmQk6u6naf6aCZKXp8L4,Falls,A Moment Apart (Deluxe Edition),2018-11-30,33,232936,0.431,0.696,-6.03,0.125,0.0406,0.000109,0.132,0.189,160.777
spotify:track:2DbQxHHEMJjno3WVttevLl,Show Me,A Moment Apart (Deluxe Edition),2018-11-30,26,218548,0.536,0.597,-8.336,0.0453,0.00261,0.538,0.0836,0.052,107.751
spotify:track:1bKl5tYldxAHsdKJhWnEgQ,Corners Of The Earth,A Moment Apart (Deluxe Edition),2018-11-30,30,305348,0.244,0.709,-7.741,0.0408,0.157,0.00336,0.0874,0.0411,119.47
spotify:track:1cEDPbmrlhoVK1h6BLwBYS,Loyal,A Moment Apart (Deluxe Edition),2018-11-30,48,207826,0.508,0.926,-4.491,0.0709,0.00529,0.783,0.222,0.278,140.024
spotify:track:7BdBAeVMiVHbszGoN7WsAt,Memories That You Call - ODESZA & Golden Features VIP Remix,A Moment Apart (Deluxe Edition),2018-11-30,47,219506,0.635,0.576,-4.624,0.0314,0.0116,0.836,0.121,0.188,119.997
spotify:track:2XyNLoEWc4IDt9OVzXZUXl,It’s Only - ODESZA VIP Remix,A Moment Apart (Deluxe Edition),2018-11-30,52,240440,0.593,0.882,-5.279,0.0295,2.52e-05,0.395,0.0421,0.113,119.99
spotify:track:5q0FQLl7xtz0dsNBogTi60,Falls (Reprise),A Moment Apart (Deluxe Edition),2018-11-30,37,234066,0.48,0.388,-6.777,0.0286,0.901,5.22e-06,0.0658,0.242,78.066
spotify:track:7zXEY847TCQKZjk9CtiErN,Line Of Sight (Reprise),A Moment Apart (Deluxe Edition),2018-11-30,37,263493,0.218,0.495,-6.832,0.0339,0.552,0.0215,0.107,0.133,81.628
spotify:track:5NoSQH3h0yLc29HxoUySef,Higher Ground (Reprise),A Moment Apart (Deluxe Edition),2018-11-30,33,227960,0.326,0.515,-4.617,0.0319,0.086,0.00455,0.235,0.0698,104.532
spotify:track:2gTSj77BhqQu1MVsuy8sqn,Falls (Reprise) - Instrumental,A Moment Apart (Deluxe Edition),2018-11-30,33,235483,0.171,0.235,-11.589,0.0358,0.97,0.98,0.0645,0.0396,112.212
spotify:track:2bjegswjXUENEdZLp7sc9h,Line Of Sight (Reprise) - Instrumental,A Moment Apart (Deluxe Edition),2018-11-30,34,263106,0.103,0.355,-8.895,0.0365,0.584,0.934,0.122,0.0376,85.188
spotify:track:0viadwJp8Hb1oh9OaTcup6,Higher Ground (Reprise) - Instrumental,A Moment Apart (Deluxe Edition),2018-11-30,28,228113,0.235,0.496,-7.664,0.0356,0.0699,0.795,0.21,0.0359,103.926
spotify:track:1aRtduEHwvk2AMR87ji9Tg,Intro,A Moment Apart,2017-09-08,38,63972,0.555,0.0546,-27.933,0.207,0.457,0.252,0.145,0.644,81.632
spotify:track:59wlTaYOL5tDUgXnbBQ3my,A Moment Apart,A Moment Apart,2017-09-08,63,234244,0.406,0.665,-7.903,0.0352,0.172,0.693,0.492,0.0758,119.988
spotify:track:7KT7VGnPU5QVXN3q1BOeqb,Higher Ground,A Moment Apart,2017-09-08,57,215130,0.628,0.852,-5.107,0.0524,0.0881,0.0198,0.242,0.416,104.993
spotify:track:63yesoRJgXT5QALryYFV0X,Boy,A Moment Apart,2017-09-08,51,183680,0.514,0.685,-6.261,0.0874,0.00325,0.458,0.0647,0.141,140.015
spotify:track:2WWfjbHALIb3e7FMcj9mr4,Line Of Sight,A Moment Apart,2017-09-08,57,236470,0.408,0.728,-6.357,0.176,0.0391,0.00139,0.19,0.169,180.23
spotify:track:5Nu5Uyoauauy9LFePYL1Z3,Late Night,A Moment Apart,2017-09-08,56,228590,0.62,0.638,-6.416,0.0687,0.0357,0.0124,0.169,0.414,125.148
spotify:track:4YaNLEPw3MrIgkGOkBrAh2,Across The Room,A Moment Apart,2017-09-08,59,283537,0.565,0.589,-5.967,0.0309,0.0158,2.45e-05,0.111,0.261,82.037
spotify:track:7t7SLzJtQzD8wdJqwYD3XM,Meridian,A Moment Apart,2017-09-08,44,235860,0.517,0.659,-6.158,0.0315,3.49e-05,0.284,0.58,0.0781,90.008
spotify:track:3VXrpkM94UBgL4voR20tZq,Everything At Your Feet,A Moment Apart,2017-09-08,43,208017,0.568,0.685,-6.859,0.052,0.0379,0.0104,0.155,0.548,86.913
spotify:track:0KtzMx1GbkkPyA2TQceHoM,Just A Memory,A Moment Apart,2017-09-08,39,236794,0.365,0.305,-7.05,0.031,0.621,0.00117,0.0591,0.0556,119.549
spotify:track:3CvMXAVFGmfq56tvUAa9ip,Divide,A Moment Apart,2017-09-08,43,241849,0.502,0.573,-5.689,0.0338,0.0144,3.62e-06,0.433,0.234,85.046
spotify:track:1zyMwU1NtRDkuQWthUbGsL,Thin Floors And Tall Ceilings,A Moment Apart,2017-09-08,46,178307,0.195,0.459,-9.009,0.0332,0.0342,0.964,0.122,0.0393,149.009
spotify:track:4x6aawsLyPkF3aGPXGvbat,La Ciudad,A Moment Apart,2017-09-08,46,271136,0.665,0.838,-5.615,0.0461,0.00605,0.334,0.187,0.219,108.023
spotify:track:6oNZ0WxqptE7V0qpjtyJ4a,Falls,A Moment Apart,2017-09-08,52,232936,0.391,0.696,-6.027,0.126,0.0394,0.000123,0.135,0.185,160.928
spotify:track:5k4MVfklNSMZZHB1jxvKrr,Show Me,A Moment Apart,2017-09-08,38,218548,0.537,0.596,-8.388,0.0446,0.00261,0.587,0.0833,0.0512,107.765
spotify:track:2pD1x1iL0gsvg7Kbhpuf8W,Corners Of The Earth,A Moment Apart,2017-09-08,40,305348,0.348,0.708,-7.737,0.0406,0.162,0.0037,0.0876,0.0395,119.893
spotify:track:0JHQtpBqKqjmJN6qcmjiU6,Always This Late,In Return (Deluxe Edition),2015-09-18,26,160941,0.537,0.585,-9.301,0.044,0.0142,0.213,0.0928,0.338,170.018
spotify:track:32zr9gHyWhgm2Dn5bg0Bpw,Say My Name,In Return (Deluxe Edition),2015-09-18,27,262956,0.745,0.75,-7.357,0.0467,0.004,0.423,0.075,0.349,115.039
spotify:track:6stkENbtxaCjCjylqoNOXb,Bloom,In Return (Deluxe Edition),2015-09-18,28,195692,0.554,0.586,-6.683,0.0273,0.0146,0.856,0.0707,0.0863,130.004
spotify:track:2D1Qw5tVYz7zfSiRHL907q,All We Need,In Return (Deluxe Edition),2015-09-18,27,211200,0.644,0.847,-4.951,0.0522,0.00413,0.0183,0.0651,0.294,99.988
spotify:track:5KdhT7gtGHgE9uDKTppndY,Sundara,In Return (Deluxe Edition),2015-09-18,24,136000,0.587,0.698,-10.021,0.0686,0.0505,0.771,0.0845,0.121,120.024
spotify:track:2QNrqC6rPGTmVn2dwnlFjL,White Lies,In Return (Deluxe Edition),2015-09-18,24,277333,0.596,0.54,-9.318,0.0465,0.0418,0.0268,0.0785,0.126,89.971
spotify:track:1btJNBbN2RlGrLgNRIfNPL,Kusanagi,In Return (Deluxe Edition),2015-09-18,25,208000,0.254,0.331,-8.306,0.0321,0.479,0.471,0.164,0.0398,75.186
spotify:track:10d7h0DIYmkaWdHg7t7pjt,Echoes,In Return (Deluxe Edition),2015-09-18,23,264000,0.52,0.523,-8.921,0.0385,0.00195,0.338,0.0858,0.0756,139.93
spotify:track:3sgQqearnvzGKqXLgA49ff,It’s Only,In Return (Deluxe Edition),2015-09-18,28,268000,0.324,0.586,-11.174,0.283,0.165,0.0025,0.231,0.107,160.181
spotify:track:7vaDLaAplrHCPSkbBnysIV,Koto,In Return (Deluxe Edition),2015-09-18,24,194400,0.504,0.648,-7.027,0.0482,0.00912,0.387,0.395,0.0957,100.012
spotify:track:2IayfGKCEmzs59b3Cwaak8,Memories That You Call,In Return (Deluxe Edition),2015-09-18,25,248000,0.608,0.553,-8.184,0.0318,0.455,0.901,0.133,0.181,120.024
spotify:track:68jdeOPpbAVtrRcXPxB0vg,Sun Models,In Return (Deluxe Edition),2015-09-18,25,160000,0.681,0.485,-9.185,0.0755,0.182,0.805,0.0907,0.477,120.005
spotify:track:0VmiEkiAVBLCd6mNguCJW7,For Us,In Return (Deluxe Edition),2015-09-18,20,349090,0.27,0.556,-7.622,0.0378,0.102,0.141,0.218,0.0543,105.16
spotify:track:6GAKSwEDt4y77MwPudwXkM,Light,In Return (Deluxe Edition),2015-09-18,36,253533,0.574,0.635,-7.966,0.0349,0.538,0.687,0.242,0.245,132.98
spotify:track:4X0hePXqBlFkOZ9WWp5W1e,IPlayYouListen - Live,In Return (Deluxe Edition),2015-09-18,29,269662,0.512,0.921,-6.577,0.0501,0.000794,0.974,0.744,0.316,124.631
spotify:track:5rsqvxtYTd7MktDa5SgR3r,Bloom - Live,In Return (Deluxe Edition),2015-09-18,29,210461,0.528,0.912,-6.818,0.0521,0.00978,0.0742,0.333,0.155,130.052
spotify:track:0NWLP7OQFGgu5hSu5DCCZo,Say My Name - Live,In Return (Deluxe Edition),2015-09-18,25,246260,0.745,0.757,-7.753,0.0488,0.00605,0.577,0.326,0.487,115.016
spotify:track:7Exe0mVrJblSNEiRuBI96A,Always This Late - Instrumental,In Return (Deluxe Edition),2015-09-18,26,160941,0.616,0.454,-9.633,0.0487,0.00783,0.107,0.082,0.365,170.044
spotify:track:52TgpI0bmo7CdjLks9gshA,Say My Name - Instrumental,In Return (Deluxe Edition),2015-09-18,23,242230,0.722,0.673,-7.489,0.0497,0.00216,0.786,0.131,0.254,115.015
spotify:track:0PAF1VWajJ6xC9bhA98QbI,Bloom - Instrumental,In Return (Deluxe Edition),2015-09-18,23,181301,0.574,0.454,-11.769,0.0315,0.0247,0.926,0.11,0.0504,130.061
spotify:track:7cHBrR1nSesO05CTcdoUqV,All We Need - Instrumental,In Return (Deluxe Edition),2015-09-18,23,211200,0.694,0.79,-5.438,0.0496,0.00327,0.606,0.0642,0.319,100.012
spotify:track:2GdXVqIRleFYKJAiikfI4v,Sundara - Instrumental,In Return (Deluxe Edition),2015-09-18,26,134670,0.591,0.608,-11.029,0.0392,0.0782,0.752,0.103,0.0918,120.076
spotify:track:42gXGDSf4wPAT2OYKD9WB8,White Lies - Instrumental,In Return (Deluxe Edition),2015-09-18,23,277333,0.696,0.447,-10.3,0.0681,0.00971,0.367,0.0835,0.0923,89.976
spotify:track:7EdE1Ki7I2vhQGxs2DAgmD,Kusanagi - Instrumental,In Return (Deluxe Edition),2015-09-18,29,208000,0.24,0.301,-8.903,0.0327,0.643,0.756,0.139,0.0384,73.408
spotify:track:78VJCqeZzV3iNmXm5hhovQ,Echoes - Instrumental,In Return (Deluxe Edition),2015-09-18,24,250403,0.579,0.467,-9.556,0.0427,0.00157,0.822,0.0843,0.111,139.969
spotify:track:6onDP5pnrrmbtju7VTNz55,It's Only - Instrumental,In Return (Deluxe Edition),2015-09-18,32,260062,0.434,0.515,-12.615,0.105,0.206,0.846,0.576,0.0813,119.999
spotify:track:6TxeD6qqjaDHEAfVMcvnw4,Koto - Instrumental,In Return (Deluxe Edition),2015-09-18,26,194300,0.598,0.382,-11.641,0.0858,0.0525,0.606,0.459,0.134,100.035
spotify:track:3rqmxmLjR4d5QfwjJXRcMG,Memories That You Call - Instrumental,In Return (Deluxe Edition),2015-09-18,21,223654,0.629,0.675,-10.703,0.0422,0.266,0.942,0.153,0.118,120.048
spotify:track:4Tuj9c2vHErySGwhKBDwu7,Sun Models - Instrumental,In Return (Deluxe Edition),2015-09-18,25,144149,0.844,0.413,-11.893,0.151,0.175,0.86,0.0926,0.433,119.986
spotify:track:0pYLh4p0s3NPJfqPEiTZ0m,For Us - Instrumental,In Return (Deluxe Edition),2015-09-18,18,329909,0.266,0.51,-7.656,0.0317,0.0372,0.295,0.17,0.0395,109.847
spotify:track:4p4cH6eGdvOudqUzNLa9ap,Light - Instrumental,In Return (Deluxe Edition),2015-09-18,31,253533,0.659,0.539,-10.148,0.0328,0.123,0.876,0.149,0.185,132.971
spotify:track:06JRkix5RRMRIWffxZqlGt,Always This Late,In Return,2014-09-08,46,160941,0.537,0.585,-9.301,0.044,0.0142,0.213,0.0928,0.338,170.018
spotify:track:1LeItUMezKA1HdCHxYICed,Say My Name,In Return,2014-09-08,62,262956,0.745,0.75,-7.357,0.0467,0.004,0.423,0.075,0.349,115.039
spotify:track:0vtX8UMG38p7IXpP4lZJ2z,Bloom,In Return,2014-09-08,55,195692,0.554,0.586,-6.683,0.0273,0.0146,0.856,0.0707,0.0863,130.004
spotify:track:5jnp8E61wcoF6qIEtDHQnJ,All We Need,In Return,2014-09-08,50,211200,0.644,0.847,-4.951,0.0522,0.00413,0.0183,0.0651,0.294,99.988
spotify:track:310xF17abXDaKlq0gwv50l,Sundara,In Return,2014-09-08,50,136000,0.587,0.698,-10.021,0.0686,0.0505,0.771,0.0845,0.121,120.024
spotify:track:01YmDEvbiVb5q5eCGNlB6U,White Lies,In Return,2014-09-08,43,277333,0.596,0.54,-9.318,0.0465,0.0418,0.0268,0.0785,0.126,89.971
spotify:track:3i2Q3cFdFzJ39nV9sAt3Pc,Kusanagi,In Return,2014-09-08,50,208000,0.254,0.331,-8.306,0.0321,0.479,0.471,0.164,0.0398,75.186
spotify:track:7IBaWJgk81AoQs6K3VOJds,Echoes,In Return,2014-09-08,38,264000,0.52,0.523,-8.921,0.0385,0.00195,0.338,0.0858,0.0756,139.93
spotify:track:1TSxLktSlIdEsjTGWB4Fub,It’s Only,In Return,2014-09-08,48,268000,0.324,0.586,-11.174,0.283,0.165,0.0025,0.231,0.107,160.181
spotify:track:6vLkn5w2UtsBdNAd98QQNK,Koto,In Return,2014-09-08,42,194400,0.504,0.648,-7.027,0.0482,0.00912,0.387,0.395,0.0957,100.012
spotify:track:2gpVdtEWFwUyl6uLLmvBzW,Memories That You Call,In Return,2014-09-08,43,248000,0.608,0.553,-8.184,0.0318,0.455,0.901,0.133,0.181,120.024
spotify:track:7jZHUhAmW5oq1cq6s8IxmK,Sun Models,In Return,2014-09-08,63,160000,0.681,0.485,-9.185,0.0755,0.182,0.805,0.0907,0.477,120.005
spotify:track:1Bzt8ya4lki8tDYrMZxb5E,For Us,In Return,2014-09-08,36,349090,0.27,0.556,-7.622,0.0378,0.102,0.141,0.218,0.0543,105.16
spotify:track:7ISreWAUq3CMXWWJHfmPzP,Intro,Summer's Gone,2012-09-05,30,34000,0.664,0.704,-12.977,0.598,0.894,2.3e-06,0.324,0.885,114.096
spotify:track:4aJnMRNeuDZSQN7FaSNGtM,How Did I Get Here,Summer's Gone,2012-09-05,61,131250,0.707,0.579,-6.198,0.0293,0.384,0.72,0.408,0.357,96.062
spotify:track:42JpcqbKr2Zq55hoixtq34,I Want You,Summer's Gone,2012-09-05,48,161926,0.577,0.648,-4.235,0.189,0.494,0.919,0.113,0.295,178.5
spotify:track:4cZqZa0AyJE4vEjhfzrxU5,Above the Middle,Summer's Gone,2012-09-05,45,183272,0.479,0.827,-3.932,0.0901,0.0432,0.539,0.372,0.207,110.084
spotify:track:7rMpCmqTU9Z2UcizZqhepP,We Were Young,Summer's Gone,2012-09-05,32,192000,0.51,0.698,-5.852,0.169,0.443,0.158,0.115,0.28,109.711
spotify:track:2AkFFLcVLifVGFDOtMaKZl,Today,Summer's Gone,2012-09-05,37,255165,0.532,0.896,-4.977,0.0471,0.00591,0.835,0.106,0.0923,99.694
spotify:track:52YL2YQ0ZKQTEp89inFJaE,Tuytus,Summer's Gone,2012-09-05,29,196363,0.498,0.728,-4.253,0.0635,0.00542,0.00121,0.312,0.271,109.997
spotify:track:4nDCQ2rimtiVjGoEFRAtJX,Rely,Summer's Gone,2012-09-05,32,192000,0.609,0.876,-3.347,0.0736,0.00329,0.0133,0.143,0.299,120.022
spotify:track:7xPAslx8T8DODx3LT6Zfni,Hey Now,Summer's Gone,2012-09-05,39,148085,0.562,0.852,-3.501,0.043,0.0379,0.704,0.122,0.0355,93.971
spotify:track:4xF4WcJvNfgtJ2CtmbbsIg,If You Don't (feat. Cumulus),Summer's Gone,2012-09-05,35,187118,0.644,0.639,-6.741,0.132,0.221,0.16,0.119,0.108,118.012
spotify:track:6acBIiTtlfNblQvEcZLLE1,Don't Stop,Summer's Gone,2012-09-05,47,168000,0.415,0.786,-3.731,0.054,0.0894,5.14e-05,0.19,0.0395,80.027
spotify:track:3xhR3mClWXydDCByJxnOwY,IPlayYouListen,Summer's Gone,2012-09-05,47,292776,0.577,0.748,-4.943,0.0357,0.0234,0.0876,0.113,0.279,124.71
